variable_name,model,context,lr_f1_avg,lr_f1_std,lr_f1_max,rf_f1_avg,rf_f1_std,rf_f1_max,hgbc_f1_avg,hgbc_f1_std,hgbc_f1_max,mlp_f1_avg,mlp_f1_std,mlp_f1_max,emb_type,layer
cooc_vector,baseline,sentence,0.3769910600693989,0.01512254967397604,0.4134415850143707,0.41288931670754414,0.013197904415519346,0.4332255798427271,0.24793012699439348,0.010524068213426586,0.2724908761241161,0.44038748788022525,0.014275546235502536,0.46229633422270505,,
cooc_conc_vector,baseline,concordance,0.37483754809036246,0.008683852159989253,0.3915131737887156,0.388998599655621,0.02205081814611596,0.4218954036414506,0.17412759143862871,0.005485197975106508,0.1817900544287351,0.4286679779868311,0.010005346492486179,0.45327492180379353,,
svd400,baseline,sentence,0.42805351276087783,0.015059119608977075,0.4462263939420176,0.2905897181053151,0.009365188223633577,0.31122718668376403,0.3992729475266624,0.019501740431776438,0.423217608478297,0.4079862034334444,0.012862650371091605,0.43162917205118856,,
svd400_conc,baseline,concordance,0.3694338702231768,0.008068689813616935,0.37791182434109427,0.2892498009914308,0.0088991363964746,0.3045420128013544,0.3659738948294355,0.018436354450831298,0.40446167668044825,0.385873627607614,0.015774242049006505,0.40884643148042465,,
embed_l7_xlmr,xlmr,sentence,0.36270185027102625,0.012487419160087759,0.3856291223442522,0.24942985373626952,0.01225719138091618,0.2716398434025638,0.3231904946402123,0.01409614548260196,0.34511727439530376,0.33944030430342187,0.01505565595600805,0.3602836234580908,contextual,7.0
embed_l8_xlmr,xlmr,sentence,0.3472054371090599,0.012277182758091861,0.3695863015280491,0.2545281570330827,0.008997277421324295,0.26710903374395956,0.3291114545861983,0.02273090550949662,0.35926839404137123,0.3514471081130274,0.02586604034500145,0.40076763802703486,contextual,8.0
embed_l9_xlmr,xlmr,sentence,0.3609738530193451,0.02245335593167049,0.4064324108862639,0.2564227341186287,0.006812249441563067,0.2683176767389627,0.3105197432672511,0.01131276383669006,0.3326858441655961,0.3868878214963953,0.026421013753769547,0.43044135793528004,contextual,9.0
embed_l10_xlmr,xlmr,sentence,0.35406263502096397,0.020378982678355237,0.3978431474379463,0.2648682882988585,0.007967951585746556,0.28515369163915455,0.3590931075691517,0.017841546512299293,0.39666771080356994,0.36919738617259334,0.027970377193638048,0.42008931211527517,contextual,10.0
embed_l11_xlmr,xlmr,sentence,0.3619705333915422,0.012513714499626396,0.37894888676676625,0.27062667881366476,0.006431069338801859,0.2795953568258403,0.3376092866048445,0.013277870214901625,0.36354196944179085,0.4003928709653862,0.024602326191724623,0.45623190921355317,contextual,11.0
embed_conc_l7_xlmr,xlmr,concordance,0.3307900230089883,0.011971381685719783,0.34280893243694416,0.2586741701967285,0.011181457952390336,0.27428294963875227,0.305379316410567,0.012241241429706529,0.32509716926547794,0.3458706175616101,0.0255282679449599,0.3886643216844391,contextual,7.0
embed_conc_l8_xlmr,xlmr,concordance,0.35035150033638285,0.013103714715510585,0.3700589792714196,0.2638880222627083,0.015185581775201877,0.2849386736086664,0.31054448060869866,0.017657137244406866,0.3539907838639894,0.36402954453762765,0.018919162053721517,0.4042412161968235,contextual,8.0
embed_conc_l9_xlmr,xlmr,concordance,0.34512440940389844,0.015815704951401194,0.37366575549781217,0.2658127047280569,0.013444672271988858,0.2814237789753118,0.33221104201607154,0.019585831874168333,0.3749084879699198,0.3703545926432459,0.02577678437761001,0.4190629636398729,contextual,9.0
embed_conc_l10_xlmr,xlmr,concordance,0.3366258624386161,0.01627172703759498,0.3582327302594498,0.2732574676537626,0.013153219615181781,0.2962040628086263,0.3154935568821186,0.014429074275016461,0.3452898958865639,0.35406630783895615,0.013134110417658159,0.3740806984261389,contextual,10.0
embed_conc_l11_xlmr,xlmr,concordance,0.33116300304154933,0.012629291896039431,0.35481135862521784,0.27923067752331304,0.013529626861489978,0.29936695829096116,0.31316821790881494,0.015266738143579319,0.3408721508402951,0.3570980892367311,0.022978296298973945,0.395757717703877,contextual,11.0
embed_l7_labert,labert,sentence,0.329113965497009,0.026412324346664608,0.3574959586072304,0.20264415203700006,0.004631329955584673,0.21158514188194974,0.23308216804103304,0.011401581499448095,0.2656354498710833,0.346550110180783,0.01146058264019124,0.3638030536638421,contextual,7.0
embed_l8_labert,labert,sentence,0.30757477077919954,0.024097454596221774,0.3452334411916413,0.19560646841505425,0.010835495088743806,0.21623502832638067,0.23878870083096432,0.01985088936256644,0.27344335150756616,0.32163480955329865,0.020427009262115246,0.3546438383149786,contextual,8.0
embed_l9_labert,labert,sentence,0.280461346578074,0.01366645970799178,0.3031590342877748,0.19704206995531476,0.006392402519529995,0.20407054543730302,0.2675516776593442,0.01735346712225031,0.29156037992661343,0.3037471229850901,0.02142795137495632,0.3363948928808946,contextual,9.0
embed_l10_labert,labert,sentence,0.28287733071059307,0.01306779398390842,0.3026850958722137,0.1926711715689659,0.00976722561745358,0.21098848872987178,0.2731547618151115,0.018513919012765893,0.297644249884199,0.3212735904537447,0.010502963299571852,0.3380387729393702,contextual,10.0
embed_l11_labert,labert,sentence,0.33769883805527073,0.026094983220704606,0.38609398334498113,0.20302890387609981,0.006656442081892331,0.21657348394321577,0.2799440566072343,0.022105505721179086,0.33418414839939503,0.35021836798970357,0.02842337368533438,0.4015293291933896,contextual,11.0
embed_conc_l7_labert,labert,concordance,0.2916244721068033,0.01168805215494457,0.31652670079407735,0.214436313958352,0.013246914960673631,0.23377044194378827,0.2389238992356299,0.013284207723932325,0.2622156770177667,0.28950403325941804,0.0106017593323657,0.30729637174538704,contextual,7.0
embed_conc_l8_labert,labert,concordance,0.3044849948911857,0.007245893612869038,0.3129000510268493,0.2135921820002503,0.013771100229303689,0.22901506123310145,0.2363333041427229,0.013753122364725062,0.26257641710547863,0.28910202833931853,0.00808770108356155,0.3029582077808827,contextual,8.0
embed_conc_l9_labert,labert,concordance,0.2782849706542337,0.008531728376670003,0.29104174640060476,0.21006649733651944,0.012392352478317091,0.22757463311058315,0.22735644549207387,0.013910781434894213,0.24877557382612134,0.2761426290730116,0.013863562937554594,0.2930479341663106,contextual,9.0
embed_conc_l10_labert,labert,concordance,0.2956210480491107,0.0091832639137619,0.31147965057795285,0.21934630077346431,0.009564441626033968,0.23269966459837949,0.24359668613019347,0.013314817498340988,0.26543741638465873,0.29846716892110214,0.014820015180665893,0.31664366472379296,contextual,10.0
embed_conc_l11_labert,labert,concordance,0.304509654057866,0.009122432313389134,0.3192552750913085,0.2412366805791696,0.009957965591954589,0.25478718248782606,0.3018614177673634,0.024614381681564945,0.32790791090401206,0.3094212890702166,0.010224734984724442,0.3294801033258792,contextual,11.0
att_l7_xlmr_raw_embed,xlmr,sentence,0.0620036625959289,0.0015189639314231046,0.06446940395710739,0.36644907315462916,0.01222854848856168,0.37921157278460277,0.2399299870184759,0.010308236922252316,0.25947378042941543,0.3527813480766262,0.011857754750260126,0.37223086411471595,attention_raw,7.0
att_l8_xlmr_raw_embed,xlmr,sentence,0.05603743257577918,0.0014416861470667125,0.05907542455344823,0.36081559050906203,0.007158596176582201,0.36965848391252465,0.24433574274088402,0.011442395271276174,0.2715746597531945,0.36845041576480464,0.01085951789793991,0.3854263099408005,attention_raw,8.0
att_l9_xlmr_raw_embed,xlmr,sentence,0.044391138489391004,0.0012802936008454184,0.046014772865537804,0.3683472295519848,0.014280228850055343,0.3869184043811172,0.24444899126472838,0.01466103480832291,0.2658182226474458,0.36390554749043813,0.010019244210853763,0.38155340859457,attention_raw,9.0
att_l10_xlmr_raw_embed,xlmr,sentence,0.034954954954954945,6.938893903907228e-18,0.03495495495495495,0.3827720156238015,0.023876438552424543,0.41095081716728676,0.23759689417499388,0.008111948597823427,0.25155994303643037,0.3937365731148351,0.012093003678418214,0.4172043433964195,attention_raw,10.0
att_l11_xlmr_raw_embed,xlmr,sentence,0.034954954954954945,6.938893903907228e-18,0.03495495495495495,0.3920586978169302,0.013229203179598975,0.41297040596202966,0.24082257837485352,0.01408450363005592,0.26370606118694284,0.4013972386982913,0.011157504052583823,0.4230566680358329,attention_raw,11.0
att_conc_l7_xlmr_raw_embed,xlmr,concordance,0.05448003984732308,0.0014387941129018118,0.056243148899848584,0.32225494121490944,0.008196884952168514,0.34266895029748456,0.1715602477086168,0.004877915935814955,0.17893552098138166,0.34202418833688264,0.013447964651905384,0.36208081322302754,attention_raw,7.0
att_conc_l8_xlmr_raw_embed,xlmr,concordance,0.04815846866206348,0.0014847478019114515,0.05011823193641375,0.33654479906829576,0.01715953586885755,0.38431826955834403,0.16151641149711646,0.005153226252294433,0.1702011954219939,0.36445897683631684,0.009731012735507343,0.3782204507970789,attention_raw,8.0
att_conc_l9_xlmr_raw_embed,xlmr,concordance,0.0482903154458338,0.002358481492571945,0.05212923455531911,0.3301143220723835,0.010905301858280987,0.3460193491283853,0.16395846973497183,0.007225097958301789,0.1828800308456476,0.3520735792628953,0.012131365004563582,0.37739795551041816,attention_raw,9.0
att_conc_l10_xlmr_raw_embed,xlmr,concordance,0.03517865012854623,0.0004473903471825608,0.036073430822911354,0.33990110979336496,0.009875058967582834,0.35834599698313685,0.17876766366253904,0.005404278641937665,0.18820812463198958,0.3915262855938838,0.023543026932662043,0.43721065780639,attention_raw,10.0
att_conc_l11_xlmr_raw_embed,xlmr,concordance,0.034954954954954945,6.938893903907228e-18,0.03495495495495495,0.3542984718811578,0.009781443811523677,0.371142012508414,0.17914580407017516,0.005894092439637672,0.1910302801999141,0.40750608055310666,0.013435698362425448,0.4287410537936548,attention_raw,11.0
att_l7_labert_raw_embed,labert,sentence,0.08911617624614009,0.0016464489654322478,0.09178522170126235,0.3698105703220201,0.011404418807652354,0.3872403477598814,0.2405421373525502,0.013335735341403676,0.2644506313789121,0.37405636491388045,0.007240863210762148,0.38479514679569926,attention_raw,7.0
att_l8_labert_raw_embed,labert,sentence,0.09578262078785596,0.001157275768508514,0.0975277451868195,0.3857146803074166,0.01682829869005753,0.4113290646470623,0.23451547046371574,0.012656285207344997,0.2549588940753128,0.3383469839821901,0.01213231490632346,0.3544593115744902,attention_raw,8.0
att_l9_labert_raw_embed,labert,sentence,0.10156441598410208,0.002141282919409984,0.1059549285301165,0.357891138553972,0.015407288411405472,0.3951708891132095,0.23805434025988975,0.010820988297351524,0.25897480582302157,0.35355878908236865,0.011691480464138834,0.36916109667492586,attention_raw,9.0
att_l10_labert_raw_embed,labert,sentence,0.10777738096453093,0.001632904624059463,0.10943143946499494,0.39648234597135146,0.012044856370027295,0.42162858178618273,0.23760484013210698,0.009235742123964314,0.2510923284506763,0.34505019493697314,0.008388780764387135,0.3538430263599953,attention_raw,10.0
att_l11_labert_raw_embed,labert,sentence,0.0872166076123068,0.0017338385012900268,0.08974336967180287,0.3821143974187315,0.019818021810248804,0.4124375599283865,0.2361496116902845,0.011130646318023624,0.2560856258270676,0.40326033024897656,0.01266769325189057,0.4289480675130098,attention_raw,11.0
att_conc_l7_labert_raw_embed,labert,concordance,0.0754798450612203,0.0016039967185691188,0.07744639875512357,0.33003074493968965,0.006699261596282313,0.3400504719538812,0.16459259901714154,0.0055726259128034954,0.17552902717255853,0.33073598538832544,0.01572031221637211,0.36670921719106875,attention_raw,7.0
att_conc_l8_labert_raw_embed,labert,concordance,0.08746325863880557,0.002015654185172399,0.0897447772001553,0.3308697932742769,0.012726652274250171,0.3488858941030776,0.16515808825466985,0.005583612366310746,0.17306442054083376,0.36176758269112436,0.016210012684921317,0.38562432475333036,attention_raw,8.0
att_conc_l9_labert_raw_embed,labert,concordance,0.09228636588824786,0.0021194968136120738,0.09450147014119012,0.3200740923707848,0.007910466136053269,0.33435312058085886,0.16395427614476218,0.008484488359937288,0.17652127052163336,0.37577189459072524,0.008936534161366052,0.3930801956843466,attention_raw,9.0
att_conc_l10_labert_raw_embed,labert,concordance,0.09406601708886671,0.0017720003083334832,0.09604748030168604,0.3360621917907645,0.007530664487621657,0.3480578332965762,0.16607226726018226,0.009629177880329088,0.185465657936386,0.39345647539403983,0.014938449027959872,0.4158748541972451,attention_raw,10.0
att_conc_l11_labert_raw_embed,labert,concordance,0.07256745887859727,0.0028126742332563364,0.07662340135532739,0.3436588979656169,0.014187936159448024,0.3633033663310069,0.16755722310090448,0.007079850159720049,0.18285572475642292,0.3694627663610396,0.01091124699250093,0.3851316336852771,attention_raw,11.0
att_l7_xlmr_svd400_embed,xlmr,sentence,0.0620036625959289,0.0015189639314231046,0.06446940395710739,0.2539515096533785,0.009038011626892875,0.2696396882456606,0.31560002183762853,0.016069447105593368,0.3448951502748043,0.32147319209807523,0.006265781617443845,0.3293017536697202,attention_svd,7.0
att_l8_xlmr_svd400_embed,xlmr,sentence,0.05603743257577918,0.0014416861470667125,0.05907542455344823,0.25486749374357565,0.007937852933450758,0.26337727388123533,0.2927054445020677,0.009642707608470484,0.3067208463097172,0.35185088040787604,0.013610726472156305,0.37117126452096777,attention_svd,8.0
att_l9_xlmr_svd400_embed,xlmr,sentence,0.044391138489391004,0.0012802936008454184,0.046014772865537804,0.26516127435905695,0.009250376941890636,0.2777169970567109,0.2932736106413064,0.025694237611715992,0.3245606164773472,0.3100212351993803,0.01978480142197503,0.34082912405291343,attention_svd,9.0
att_l10_xlmr_svd400_embed,xlmr,sentence,0.034954954954954945,6.938893903907228e-18,0.03495495495495495,0.2940295394527547,0.011536108398751467,0.31320509409716213,0.30083009501889774,0.01159054631815653,0.3199376499776116,0.32671460682470965,0.017624953893729676,0.3603169995262587,attention_svd,10.0
att_l11_xlmr_svd400_embed,xlmr,sentence,0.034954954954954945,6.938893903907228e-18,0.03495495495495495,0.3284485860835641,0.03113221504632789,0.38128407889492455,0.3918059776847906,0.013579452091902384,0.41363934018731846,0.32748883570433346,0.009139719063563787,0.3385659459591577,attention_svd,11.0
att_conc_l7_xlmr_svd400_embed,xlmr,concordance,0.05448003984732308,0.0014387941129018118,0.056243148899848584,0.26746181145714454,0.011926094385644117,0.28366396399072535,0.2746223062457314,0.009543289548255833,0.28758423158468915,0.3170425752256315,0.0162537954004465,0.3341484492099436,attention_svd,7.0
att_conc_l8_xlmr_svd400_embed,xlmr,concordance,0.04815746410326026,0.001484792440418869,0.05011823193641375,0.2535323305370053,0.010220563902930083,0.27042507825040474,0.2771705828215293,0.009485773934556787,0.29177208916999736,0.33951045727530305,0.011142939809348044,0.3567568767879573,attention_svd,8.0
att_conc_l9_xlmr_svd400_embed,xlmr,concordance,0.04829143952710786,0.0023578726902848744,0.05212923455531911,0.2643014438422343,0.008785311004478581,0.2768107264240839,0.32324372675982527,0.013850094776977198,0.34152475814532063,0.2948178137233241,0.011537797507195207,0.3154091509868452,attention_svd,9.0
att_conc_l10_xlmr_svd400_embed,xlmr,concordance,0.03517865012854623,0.0004473903471825608,0.036073430822911354,0.28333295574264195,0.014768082065043216,0.306981096486442,0.33995213662410373,0.014444951531938064,0.36609979240258483,0.36826011646326534,0.02817028778860341,0.39831610638744114,attention_svd,10.0
att_conc_l11_xlmr_svd400_embed,xlmr,concordance,0.034954954954954945,6.938893903907228e-18,0.03495495495495495,0.2873065804010017,0.012623007803268473,0.31149380595808535,0.3198110939062761,0.010358171859519436,0.3324743515939476,0.368545176021112,0.01945138463940216,0.40882083283709925,attention_svd,11.0
att_l7_labert_svd400_embed,labert,sentence,0.08917813746076687,0.0015537387266948443,0.09167678880716199,0.24702341257800006,0.012752348035154707,0.26046381465909996,0.27409972505858404,0.00868344360107478,0.28424946595487494,0.34532780978260963,0.014231144938541093,0.3613438210987063,attention_svd,7.0
att_l8_labert_svd400_embed,labert,sentence,0.09564376417578231,0.0012582108273005766,0.0975277451868195,0.2679539222758559,0.02175029034967077,0.3054775474363098,0.31341627253828575,0.010546211030091086,0.3287144740899828,0.32174619701047313,0.010754099989221434,0.3395010726865688,attention_svd,8.0
att_l9_labert_svd400_embed,labert,sentence,0.10179004350761467,0.002173067237571834,0.10664844194034644,0.24911180975240269,0.0051416707466152576,0.2567044343389887,0.2611268398245154,0.006198647423170827,0.2748134192980357,0.3078298495707851,0.010289441261668654,0.32557103717554237,attention_svd,9.0
att_l10_labert_svd400_embed,labert,sentence,0.10775496610853645,0.0016038700126323096,0.10930578563883861,0.2774484039176962,0.018413571701639254,0.3037521786276633,0.3502650978473708,0.010897075936576456,0.3664746870385249,0.3309871937353948,0.007182407384394399,0.340609733894382,attention_svd,10.0
att_l11_labert_svd400_embed,labert,sentence,0.0874840126168209,0.0018426239154784845,0.09064939048000227,0.27008720201041736,0.023274544877078338,0.30700392999607085,0.35918297975432206,0.018946168352949797,0.3914485661628274,0.36592278692004443,0.014006352615585044,0.39126161371908974,attention_svd,11.0
att_conc_l7_labert_svd400_embed,labert,concordance,0.07552186692599688,0.0016220239067027604,0.07829144331862598,0.2327239361484006,0.012832284451626368,0.24829379328578605,0.26942746161596165,0.009651076792512323,0.2853617334189338,0.2986792258460164,0.016942145516044112,0.33245038753457334,attention_svd,7.0
att_conc_l8_labert_svd400_embed,labert,concordance,0.08752071627095784,0.0020571084462142285,0.0897447772001553,0.2494160312775852,0.020080088097603845,0.28471854417759335,0.29381064540241103,0.020708305918293934,0.32379064499977905,0.3361767849266992,0.012157025024528976,0.35335994841118246,attention_svd,8.0
att_conc_l9_labert_svd400_embed,labert,concordance,0.09242424701738773,0.002052972473420187,0.09450147014119012,0.2650427303720096,0.008536859501023515,0.2760724066474139,0.3319240884768995,0.02131885569304533,0.3629406792947065,0.35506842532662775,0.009792491351291161,0.3761116198286047,attention_svd,9.0
att_conc_l10_labert_svd400_embed,labert,concordance,0.09439234704433191,0.0019909023697768837,0.09752964752191805,0.26041174733334904,0.007036895381659334,0.2736753579119945,0.3345604762280505,0.01318763495354901,0.35625915787470874,0.3546512630998967,0.013218961630244119,0.37935503951915506,attention_svd,10.0
att_conc_l11_labert_svd400_embed,labert,concordance,0.07264812702833642,0.002925146034571629,0.07726990191173573,0.2552611730899369,0.011247594893304897,0.26911857415791823,0.2967975486979289,0.02192473377389902,0.3282304323793522,0.34608194831627875,0.010612849012194581,0.3661553604270392,attention_svd,11.0
embed_l7_xlmr&att_l7_xlmr_raw_embed,xlmr,sentence,0.3633623991131292,0.012904053003618453,0.38866849207677107,0.25511710022185247,0.010947362267352411,0.2672032019065422,0.3449469973741027,0.008986112134150034,0.35925357640828104,0.3608277997029171,0.02071345145972576,0.39055586731934366,concatenated_raw_attn,7.0
embed_l8_xlmr&att_l8_xlmr_raw_embed,xlmr,sentence,0.347329741837335,0.01217965002884133,0.3701245377758695,0.2555714766224063,0.008950086527390088,0.2663349222713236,0.3543425806594614,0.02322474176017876,0.3862360430856187,0.3714945186027566,0.02738201201664678,0.411007643628882,concatenated_raw_attn,8.0
embed_l9_xlmr&att_l9_xlmr_raw_embed,xlmr,sentence,0.3606668443275588,0.022250782698950138,0.4045858423683593,0.2584608202955756,0.009269449444082067,0.27134471438522795,0.32519339929374025,0.015116040578223234,0.3475209703728387,0.3908161065249103,0.028099034834533406,0.44691727005138554,concatenated_raw_attn,9.0
embed_l10_xlmr&att_l10_xlmr_raw_embed,xlmr,sentence,0.3528340177676866,0.018435398387858584,0.3955170899750281,0.2643534843802004,0.01015111216114837,0.2808668982023093,0.3807150662514095,0.016487603447757224,0.4198203872521716,0.38667939630012044,0.017780404356422478,0.40828070200482136,concatenated_raw_attn,10.0
embed_l11_xlmr&att_l11_xlmr_raw_embed,xlmr,sentence,0.3624776314242063,0.009726448796155722,0.37894888676676625,0.2746158001142678,0.010399680177576795,0.28885342783839724,0.3535052339895629,0.010840640048036075,0.374444853044144,0.40272376436326895,0.024661058566062967,0.4355954697009867,concatenated_raw_attn,11.0
embed_conc_l7_xlmr&att_conc_l7_xlmr_raw_embed,xlmr,concordance,0.3295821841438922,0.012140402918986628,0.341837081179144,0.2614667890987298,0.013383150109429694,0.27774877112872665,0.31015191795195796,0.011013809793415836,0.325880693222028,0.37692992928277325,0.03722962981842315,0.4281765748976619,concatenated_raw_attn,7.0
embed_conc_l8_xlmr&att_conc_l8_xlmr_raw_embed,xlmr,concordance,0.35044889571339194,0.012705921064577047,0.36955991152484013,0.26199325503198095,0.012958521096778001,0.28013018509722476,0.3162991975118324,0.019850230714437235,0.36708137431983173,0.3832433331620879,0.017673483561886423,0.40305014192191074,concatenated_raw_attn,8.0
embed_conc_l9_xlmr&att_conc_l9_xlmr_raw_embed,xlmr,concordance,0.34518786289052644,0.01610365879180863,0.3766785289408713,0.26537178364174085,0.01129046378815926,0.28009554774013945,0.33715672808906416,0.015140201747060692,0.36279578308085975,0.3845069264839321,0.023182342617698498,0.44052635032015114,concatenated_raw_attn,9.0
embed_conc_l10_xlmr&att_conc_l10_xlmr_raw_embed,xlmr,concordance,0.3363753350209112,0.01513243579604159,0.35760392143342806,0.2747707204197642,0.010407570339891977,0.29045838605592883,0.32491761733885915,0.012143265287630347,0.34759668383199877,0.3871575385204472,0.022258131103275947,0.4415882302097135,concatenated_raw_attn,10.0
embed_conc_l11_xlmr&att_conc_l11_xlmr_raw_embed,xlmr,concordance,0.3315266967946825,0.013122856251437285,0.35694142087506353,0.2723784773443184,0.010577021454544217,0.2909803086830599,0.32203517099108614,0.015036221138154726,0.3498495899838843,0.37995692920986035,0.02863230543459594,0.4287106959966798,concatenated_raw_attn,11.0
embed_l7_labert&att_l7_labert_raw_embed,labert,sentence,0.3290706679826762,0.02638293878671974,0.35752317460819716,0.22103062801829237,0.007161147404738152,0.23238045156525783,0.27516134337492426,0.009739597981509328,0.2902778227439081,0.34260232076796926,0.020848191562871096,0.3709734485310565,concatenated_raw_attn,7.0
embed_l8_labert&att_l8_labert_raw_embed,labert,sentence,0.30761727064938393,0.024018446545722955,0.3451638203411691,0.22002444384206937,0.009234656218904208,0.23584550536518215,0.29404046858231253,0.020958776385527966,0.33113522613972984,0.31830955703476604,0.03242427804031864,0.3630672549443671,concatenated_raw_attn,8.0
embed_l9_labert&att_l9_labert_raw_embed,labert,sentence,0.28112989362311963,0.01378449477165273,0.3051631458062605,0.2108410568038786,0.006224414424340729,0.22070534578326967,0.3086791131826939,0.01743346779052122,0.33405353321444087,0.3019285637414163,0.024877801271674178,0.3455247396410869,concatenated_raw_attn,9.0
embed_l10_labert&att_l10_labert_raw_embed,labert,sentence,0.2819798844687765,0.013213012402572296,0.30373019959211855,0.21032090645956,0.007465090539388125,0.22092294036675014,0.3074045540838833,0.017298670773102445,0.32671686231141317,0.31597775463750655,0.02461787425734272,0.3542072035056057,concatenated_raw_attn,10.0
embed_l11_labert&att_l11_labert_raw_embed,labert,sentence,0.3380543767541448,0.02610175319648505,0.3867579289235187,0.21992445218988638,0.007458494555304873,0.23500900028947863,0.31548714506168946,0.01814704145370453,0.3437877706573127,0.3744082326864839,0.018803463785016527,0.40772366810972366,concatenated_raw_attn,11.0
embed_conc_l7_labert&att_conc_l7_labert_raw_embed,labert,concordance,0.2920023063796834,0.012172980004835637,0.3165197120436427,0.2325221335446684,0.01020409418715665,0.25369295941543907,0.26095562880007767,0.016401584509637454,0.28494565537664424,0.28931918749419727,0.01255713810650994,0.30581566997104037,concatenated_raw_attn,7.0
embed_conc_l8_labert&att_conc_l8_labert_raw_embed,labert,concordance,0.30467196275039055,0.007483668066314041,0.31397230435375467,0.2282392839663856,0.012947243983070207,0.24724506975545618,0.254408999587207,0.01112578304739765,0.2655647076166386,0.29994969857791587,0.011707807671698286,0.31493910752822296,concatenated_raw_attn,8.0
embed_conc_l9_labert&att_conc_l9_labert_raw_embed,labert,concordance,0.27834876521254204,0.00852953353050129,0.2921355166722378,0.22889785770045812,0.012190305682258717,0.2453682113438631,0.249211005710888,0.014108220413973681,0.27895051720275854,0.2822663122870861,0.01711597823565689,0.30767422262130395,concatenated_raw_attn,9.0
embed_conc_l10_labert&att_conc_l10_labert_raw_embed,labert,concordance,0.29506804212489324,0.009399935124667018,0.3105891322457982,0.23155337019453737,0.010626376134233137,0.24569734535828944,0.26529396537805877,0.011626259494857481,0.2807760646762211,0.30057787152016174,0.011232027139062033,0.312161473389971,concatenated_raw_attn,10.0
embed_conc_l11_labert&att_conc_l11_labert_raw_embed,labert,concordance,0.30444323775244675,0.009675385793237526,0.31940578868681535,0.2469182420315669,0.012566483927737326,0.2636761738976331,0.3039518773362379,0.021188563055848604,0.33915542032727336,0.3117278176264152,0.012114490596687717,0.3357253778764976,concatenated_raw_attn,11.0
embed_l7_xlmr&att_l7_xlmr_raw_embed,xlmr,sentence,0.3633623991131292,0.012904053003618453,0.38866849207677107,0.25511710022185247,0.010947362267352411,0.2672032019065422,0.3449469973741027,0.008986112134150034,0.35925357640828104,0.3608277997029171,0.02071345145972576,0.39055586731934366,concatenated_raw_attn,7.0
embed_l7_xlmr&att_l7_xlmr_raw_embed&cooc_vector,xlmr,sentence,0.37868082792886715,0.01261745088321735,0.40133637397804495,0.2584285301777317,0.010520755278777005,0.27006720072118784,0.34381971478823525,0.009625247743809176,0.36299504937049676,0.4131965447650125,0.024560199150365097,0.4471862301705932,concatenated_raw+baseline,7.0
embed_l8_xlmr&att_l8_xlmr_raw_embed&cooc_vector,xlmr,sentence,0.37386613783149863,0.020408686934613753,0.4242267359178952,0.2610722703739777,0.012968570649793709,0.28651477626116234,0.3545359493385529,0.02334181450021441,0.3862360430856187,0.41729397226225107,0.024914701392556603,0.4524465452816232,concatenated_raw+baseline,8.0
embed_l9_xlmr&att_l9_xlmr_raw_embed&cooc_vector,xlmr,sentence,0.39082767873399643,0.02395976986953958,0.42044130444471445,0.2615725332577272,0.006988948320060065,0.27548943948378196,0.32595244427315667,0.013672963375325234,0.3475209703728387,0.43600795184387275,0.02124954256912017,0.47834438810488533,concatenated_raw+baseline,9.0
embed_l10_xlmr&att_l10_xlmr_raw_embed&cooc_vector,xlmr,sentence,0.38945655630374343,0.023930666749157725,0.42789938419026985,0.26796236231426607,0.006166406135699276,0.2812196289837687,0.37884660111205104,0.018988638688555833,0.41860614112777156,0.4369803806387231,0.01500908692655773,0.4598199618387306,concatenated_raw+baseline,10.0
embed_l11_xlmr&att_l11_xlmr_raw_embed&cooc_vector,xlmr,sentence,0.39040047796142086,0.018397337099071105,0.43077822885454226,0.27622401259322327,0.012709902481498263,0.2956793825801676,0.3544086728666883,0.012015513393112996,0.38066069996293045,0.43412093851604155,0.017717524744375164,0.45872185245592806,concatenated_raw+baseline,11.0
embed_conc_l7_xlmr&att_conc_l7_xlmr_raw_embed&cooc_conc_vector,xlmr,concordance,0.37547818575314595,0.010076585709961644,0.3907024855977294,0.2642361996161361,0.01438122616070648,0.28866610562825273,0.31015191795195796,0.011013809793415836,0.325880693222028,0.4316909845499688,0.020414138702420637,0.4686712141429963,concatenated_raw+baseline,7.0
embed_conc_l8_xlmr&att_conc_l8_xlmr_raw_embed&cooc_conc_vector,xlmr,concordance,0.4033566289995588,0.023885110583233688,0.44176507461946624,0.26405728026478187,0.008970074258928568,0.2743705496288296,0.31645610585734935,0.019876924126740123,0.36708137431983173,0.456659820681318,0.01887947779745689,0.49273090872835157,concatenated_raw+baseline,8.0
embed_conc_l9_xlmr&att_conc_l9_xlmr_raw_embed&cooc_conc_vector,xlmr,concordance,0.3880873131407093,0.017408921678426528,0.4138352427287672,0.2643119901010364,0.012930016525959803,0.27907217688209984,0.33715672808906416,0.015140201747060692,0.36279578308085975,0.4463685352406824,0.028436757431101314,0.4828280850820136,concatenated_raw+baseline,9.0
embed_conc_l10_xlmr&att_conc_l10_xlmr_raw_embed&cooc_conc_vector,xlmr,concordance,0.4060387379519536,0.026271126547924625,0.4416781620895455,0.27283119343625595,0.010030669931563242,0.2878791528018984,0.3249429093061474,0.012190645816116416,0.3478496035048812,0.4460377880806655,0.021145040793677378,0.4753245971818479,concatenated_raw+baseline,10.0
embed_conc_l11_xlmr&att_conc_l11_xlmr_raw_embed&cooc_conc_vector,xlmr,concordance,0.39000472810159675,0.015859999850743677,0.4183277509801312,0.27978285484163024,0.01412038882231667,0.2970167439770663,0.32203517099108614,0.015036221138154726,0.3498495899838843,0.43735625519290383,0.016354828647574808,0.467446136804177,concatenated_raw+baseline,11.0
embed_l7_labert&att_l7_labert_raw_embed&cooc_vector,labert,sentence,0.3869494419529277,0.018678708113844516,0.4197195058010639,0.23298364423784546,0.007849409083924012,0.24471598802698158,0.27523213537520486,0.010426261740292674,0.29091964662608805,0.4271091761534652,0.021411640887699934,0.4551929969193226,concatenated_raw+baseline,7.0
embed_l8_labert&att_l8_labert_raw_embed&cooc_vector,labert,sentence,0.3525289705260864,0.025398434347052586,0.3893873151047675,0.2269122564868674,0.00797598417886137,0.240109119239965,0.29680742335538013,0.019512122365792774,0.33113522613972984,0.4062065117660528,0.0213949455245113,0.44070698388731283,concatenated_raw+baseline,8.0
embed_l9_labert&att_l9_labert_raw_embed&cooc_vector,labert,sentence,0.33948868632657403,0.026039237965778585,0.3746583489497105,0.21729530366996475,0.008164759605094427,0.230378989669759,0.30827013190392066,0.017385817195956593,0.3315737364275331,0.40923905396155735,0.016919710028089435,0.4330786053289442,concatenated_raw+baseline,9.0
embed_l10_labert&att_l10_labert_raw_embed&cooc_vector,labert,sentence,0.3236871735349115,0.0157227510276017,0.3544889157202794,0.217889754970432,0.008515866229456211,0.22804317212080333,0.3067438606428251,0.016958954463378896,0.33379897518503693,0.40730688123063585,0.014039872749855613,0.42486870399921023,concatenated_raw+baseline,10.0
embed_l11_labert&att_l11_labert_raw_embed&cooc_vector,labert,sentence,0.3774706385768377,0.017764125946370765,0.40078098461447026,0.2267807047248934,0.005645506153789952,0.23617557226619512,0.3111846086707933,0.016129742411457836,0.3473280553655539,0.4123343619994131,0.02180767954164872,0.444515295690849,concatenated_raw+baseline,11.0
embed_conc_l7_labert&att_conc_l7_labert_raw_embed&cooc_conc_vector,labert,concordance,0.33648932424090916,0.013682020903757827,0.36236415365759644,0.24410431588133824,0.012647521682947836,0.2588786693305226,0.26117036780877523,0.017720324329325823,0.28494565537664424,0.3585469790694661,0.016167909756018395,0.38417678422978585,concatenated_raw+baseline,7.0
embed_conc_l8_labert&att_conc_l8_labert_raw_embed&cooc_conc_vector,labert,concordance,0.3394844862145125,0.010996865555807677,0.35301510405043934,0.23246098315602123,0.011964244164260299,0.2451588977152721,0.25413752804693585,0.011045346354612632,0.2655647076166386,0.3634995240334887,0.014184762726428267,0.3912937903661856,concatenated_raw+baseline,8.0
embed_conc_l9_labert&att_conc_l9_labert_raw_embed&cooc_conc_vector,labert,concordance,0.32470872644575677,0.012880915230946458,0.34428775128389744,0.23318726903530834,0.014232462700740094,0.24979889431171376,0.24879043779525736,0.01484337354284001,0.27895051720275854,0.34890820870212297,0.008259492693486463,0.3606390239431329,concatenated_raw+baseline,9.0
embed_conc_l10_labert&att_conc_l10_labert_raw_embed&cooc_conc_vector,labert,concordance,0.3392358685076634,0.011928241815531686,0.358461075955676,0.2381097601705792,0.009470885575138368,0.2510465437199839,0.26519174909045407,0.01158420368024833,0.2807760646762211,0.3644578392223216,0.0131315637164868,0.3913850844345022,concatenated_raw+baseline,10.0
embed_conc_l11_labert&att_conc_l11_labert_raw_embed&cooc_conc_vector,labert,concordance,0.33270060884671193,0.009849787895538054,0.3480190529436772,0.24972156891363967,0.011932676947567663,0.26736167953910217,0.303832199495974,0.02125935354327086,0.33915542032727336,0.3637996078685536,0.007483386833015831,0.38114297439828443,concatenated_raw+baseline,11.0
embed_l7_xlmr&att_l7_xlmr_svd400_embed&cooc_vector,xlmr,sentence,0.3788351879541076,0.012308884205727294,0.40179257592355855,0.260811013796988,0.007980901654637279,0.2704181201695119,0.3574358735538913,0.018326382413876133,0.384006499132891,0.42937606464801326,0.025076436299412877,0.4742786940485873,concatenated_raw+baseline,7.0
embed_l8_xlmr&att_l8_xlmr_svd400_embed&cooc_vector,xlmr,sentence,0.37297113564119155,0.020036951244395498,0.42202221672060747,0.2595976572463573,0.006836490888809893,0.2681304922928113,0.39501310864982603,0.027212406345245736,0.44105558479483775,0.44366191798437454,0.008973830791830588,0.4562182961000034,concatenated_raw+baseline,8.0
embed_l9_xlmr&att_l9_xlmr_svd400_embed&cooc_vector,xlmr,sentence,0.3910889235147162,0.025095221102150532,0.4238416800170546,0.2636375734379721,0.008235612175332451,0.2722333470618904,0.35720669828106255,0.028368080649969884,0.40525446964069384,0.45082702535621716,0.007399657773615828,0.4603425389668005,concatenated_raw+baseline,9.0
embed_l10_xlmr&att_l10_xlmr_svd400_embed&cooc_vector,xlmr,sentence,0.38588021702058334,0.024151245444201025,0.427889847541968,0.26548508332094384,0.010008818825556234,0.2769180267174673,0.40672546435086615,0.02507036389726082,0.44595169497251685,0.4458257884660036,0.010658377040213114,0.4706799043149852,concatenated_raw+baseline,10.0
embed_l11_xlmr&att_l11_xlmr_svd400_embed&cooc_vector,xlmr,sentence,0.390433232779476,0.018214580554665877,0.42970597785900394,0.28564379208696644,0.01175635265416123,0.30288635795849356,0.3622340448902769,0.014483085774014188,0.38016259897240995,0.4403012371296846,0.026083881437488046,0.46924375602294993,concatenated_raw+baseline,11.0
embed_conc_l7_xlmr&att_conc_l7_xlmr_svd400_embed&cooc_conc_vector,xlmr,concordance,0.37555783986007485,0.00960494072476596,0.3895823942686537,0.2657564452477979,0.00700502287344961,0.2739486250382342,0.30895637416415944,0.012458059041547823,0.33541086789729724,0.42251999470784324,0.02267219058063025,0.4567750053879444,concatenated_raw+baseline,7.0
embed_conc_l8_xlmr&att_conc_l8_xlmr_svd400_embed&cooc_conc_vector,xlmr,concordance,0.4054560368274588,0.02546776383842003,0.4420912654126674,0.2756162447068732,0.012040751635724588,0.2911348112433405,0.321927405909032,0.016616722512187928,0.3439388895133398,0.4538488815757232,0.019827539320437328,0.47764623933717976,concatenated_raw+baseline,8.0
embed_conc_l9_xlmr&att_conc_l9_xlmr_svd400_embed&cooc_conc_vector,xlmr,concordance,0.3886148947667361,0.016371145945480305,0.4091418017004532,0.268666872263305,0.014068849865914527,0.288368528633936,0.3548575999926006,0.031574439292639464,0.41533655512975665,0.44760128337955507,0.030371592226947082,0.48328874974715674,concatenated_raw+baseline,9.0
embed_conc_l10_xlmr&att_conc_l10_xlmr_svd400_embed&cooc_conc_vector,xlmr,concordance,0.40585491581237215,0.026428063900359254,0.44103560541770087,0.2876020377348195,0.012681499011775203,0.3037480716412186,0.33879646387780465,0.011872234228713868,0.3550293228767495,0.446166691776948,0.01976387690041534,0.4874619770603731,concatenated_raw+baseline,10.0
embed_conc_l11_xlmr&att_conc_l11_xlmr_svd400_embed&cooc_conc_vector,xlmr,concordance,0.3907049895845984,0.01615420279653944,0.4179588890225555,0.2826928428244607,0.01075645085282329,0.2982829351746842,0.3425593792222375,0.010520217595331208,0.36084144929130335,0.44401214896530616,0.01767718410309348,0.4688322318893162,concatenated_raw+baseline,11.0
embed_l7_labert&att_l7_labert_svd400_embed&cooc_vector,labert,sentence,0.3891860754304877,0.018494247212348453,0.4180269380437804,0.235900374228932,0.01316152642273201,0.26200408040672,0.29358379690485725,0.014957185658533507,0.3167189553132842,0.42772093084048146,0.02093758844590051,0.45878355629400513,concatenated_raw+baseline,7.0
embed_l8_labert&att_l8_labert_svd400_embed&cooc_vector,labert,sentence,0.3530916542784811,0.025346237868211684,0.3893873151047675,0.21758122635723715,0.0077051309874677796,0.23160628858504842,0.2764475138042586,0.005084653878268525,0.28564380851768717,0.39880508271659976,0.027853690411550645,0.44380163070575274,concatenated_raw+baseline,8.0
embed_l9_labert&att_l9_labert_svd400_embed&cooc_vector,labert,sentence,0.33929689539772523,0.026236877558909688,0.3746583489497105,0.22083967360934564,0.008578231687040009,0.23382953168896964,0.30504540030397637,0.021727860426617965,0.3360616256210166,0.38039050738662905,0.02788962364634077,0.4165216269443815,concatenated_raw+baseline,9.0
embed_l10_labert&att_l10_labert_svd400_embed&cooc_vector,labert,sentence,0.32337260569583687,0.015419306798846868,0.3544889157202794,0.22831096413425783,0.008964107952309267,0.23740454271911088,0.31367490736011916,0.01949084239442231,0.34668030769772357,0.3778131472446549,0.021026950669174156,0.41261739591320856,concatenated_raw+baseline,10.0
embed_l11_labert&att_l11_labert_svd400_embed&cooc_vector,labert,sentence,0.37758850431596347,0.017777079164380354,0.4005166667322982,0.22535084794399615,0.010749336721723927,0.23910311512610388,0.3010296911219787,0.014291688641913186,0.33475708423376094,0.41210692114189806,0.019933856971961827,0.44302484992749525,concatenated_raw+baseline,11.0
embed_conc_l7_labert&att_conc_l7_labert_svd400_embed&cooc_conc_vector,labert,concordance,0.3365886038341487,0.013446974898230973,0.3620222853478447,0.23373909300985346,0.01635169168857513,0.25611132898131916,0.273725006725288,0.010828320651319527,0.295725495332556,0.35875750099668685,0.022148485649640153,0.41213259716531014,concatenated_raw+baseline,7.0
embed_conc_l8_labert&att_conc_l8_labert_svd400_embed&cooc_conc_vector,labert,concordance,0.3391571199086477,0.011303623488161841,0.35301510405043934,0.22901556290186495,0.011902648866310655,0.24479756086765106,0.27992611627097713,0.015032930390023635,0.30113665190886035,0.361089263496131,0.014637545774118754,0.38148563327743046,concatenated_raw+baseline,8.0
embed_conc_l9_labert&att_conc_l9_labert_svd400_embed&cooc_conc_vector,labert,concordance,0.32458768158850454,0.012850302999152094,0.34303741224313755,0.23498109722812574,0.00977725605906868,0.2518927917512111,0.2829235994742835,0.01378673638522093,0.3065442570893945,0.34339201894654503,0.018177851834329826,0.368059921038875,concatenated_raw+baseline,9.0
embed_conc_l10_labert&att_conc_l10_labert_svd400_embed&cooc_conc_vector,labert,concordance,0.33921994787887916,0.011967747919150647,0.358461075955676,0.2515707221894018,0.009976288463987995,0.26601112708438357,0.2920011678571178,0.013381629214575013,0.31604512503489407,0.357881950169301,0.017999105486594353,0.39114991662292103,concatenated_raw+baseline,10.0
embed_conc_l11_labert&att_conc_l11_labert_svd400_embed&cooc_conc_vector,labert,concordance,0.3333173805309838,0.01011237416857174,0.3489209520182413,0.25065300244598243,0.013173768612843192,0.26938506228815146,0.32837251952517477,0.033017747144342725,0.3790361756565225,0.3635664057883281,0.014895315799203218,0.3873543201483951,concatenated_raw+baseline,11.0
embed_l7_xlmr&att_l7_xlmr_svd400_embed,xlmr,sentence,0.3634506061254041,0.012927195236923324,0.3876457682373521,0.2600344938509197,0.010824378253943582,0.27352636946881265,0.36361094453702614,0.0194451170965412,0.3913938173795198,0.3550924014902282,0.01253182515354914,0.3800612016915916,concatenated,7.0
embed_l8_xlmr&att_l8_xlmr_svd400_embed,xlmr,sentence,0.3471184031269124,0.012227156347778696,0.36907010403904816,0.268187830985177,0.008087873886985857,0.27987853177009103,0.3890563378449754,0.028709946793197678,0.42465639106867475,0.3688606824966226,0.02411344066754754,0.42218826676289173,concatenated,8.0
embed_l9_xlmr&att_l9_xlmr_svd400_embed,xlmr,sentence,0.3614095256918488,0.023279267449384262,0.4088341805651991,0.2673208598416665,0.009538794252779093,0.2841536325577068,0.3504856268925918,0.02228181948759312,0.3937150565946658,0.3972679455680189,0.017932554579812972,0.4300193605537152,concatenated,9.0
embed_l10_xlmr&att_l10_xlmr_svd400_embed,xlmr,sentence,0.3539683386661291,0.019953084203339196,0.3959575024051303,0.2749998281699124,0.007911176700521121,0.2874253542479837,0.3845868219350695,0.028467553207369788,0.43639239808067665,0.3735687870816451,0.02797406639773896,0.43409853295438267,concatenated,10.0
embed_l11_xlmr&att_l11_xlmr_svd400_embed,xlmr,sentence,0.36212981058365534,0.012800978585119992,0.3793573306351319,0.2888857234069451,0.010158003525533263,0.3115333485145421,0.3641803142416776,0.012747283155100384,0.38470242580026315,0.39302099135846563,0.027469526764354005,0.43321546546198836,concatenated,11.0
embed_conc_l7_xlmr&att_conc_l7_xlmr_svd400_embed,xlmr,concordance,0.3301078101003699,0.01248301674485843,0.3423732099692046,0.26233663720516065,0.006810363277545259,0.2784008051885106,0.3062103663720346,0.008977640612988665,0.3197810320421122,0.35279115251723814,0.02622976388705946,0.39394908967590486,concatenated,7.0
embed_conc_l8_xlmr&att_conc_l8_xlmr_svd400_embed,xlmr,concordance,0.3504051788372056,0.012137625772186633,0.36955991152484013,0.2700709694298615,0.01458165661854732,0.2895147588781873,0.3189956150177299,0.012336073953217239,0.34189441549373656,0.3560668322434113,0.023305275976742777,0.4050248895459726,concatenated,8.0
embed_conc_l9_xlmr&att_conc_l9_xlmr_svd400_embed,xlmr,concordance,0.34534015626342585,0.01609830494319599,0.37437246511033767,0.27493273397736206,0.006778396860491727,0.2905547623759736,0.35901712671213504,0.030694028365339812,0.41016134084240824,0.36191282924554885,0.018507943818150095,0.3875105943267191,concatenated,9.0
embed_conc_l10_xlmr&att_conc_l10_xlmr_svd400_embed,xlmr,concordance,0.3372044937498104,0.01591172271804427,0.3590768114982429,0.28893135878280474,0.011202094638441623,0.3040581844936374,0.33640555156936597,0.014248315090125564,0.3529966798741576,0.3501179182195463,0.02891556737305278,0.40992255739756206,concatenated,10.0
embed_conc_l11_xlmr&att_conc_l11_xlmr_svd400_embed,xlmr,concordance,0.3312587571990174,0.012967993500196152,0.35447283815405445,0.2856166109397539,0.013175972222974949,0.30624629238899165,0.3420676830600008,0.011785307661862515,0.3666370074183104,0.3607198214259534,0.021776098477717973,0.38668249895170254,concatenated,11.0
embed_l7_labert&att_l7_labert_svd400_embed,labert,sentence,0.3292851406972336,0.02651983415919632,0.35848028967494516,0.23366143641919068,0.013306188485774632,0.2524365076701696,0.2991038901921469,0.02056840286444605,0.3369047901629308,0.33649863049063267,0.01739496414109598,0.3616154827768222,concatenated,7.0
embed_l8_labert&att_l8_labert_svd400_embed,labert,sentence,0.3076967160757935,0.024203136386259594,0.3463651814222279,0.21478690728226812,0.006475984743946118,0.22884058735436982,0.25774273709073425,0.004053448265133093,0.26730924056618244,0.3098131746743545,0.0331366603202829,0.3623730096031711,concatenated,8.0
embed_l9_labert&att_l9_labert_svd400_embed,labert,sentence,0.2812797328300205,0.013766798079226927,0.30374596757305705,0.2177803306931565,0.006401841081870538,0.22604584503700903,0.28189208282685196,0.02535349709096317,0.31468409548900683,0.30072774321758067,0.024974130268461823,0.3509415376013892,concatenated,9.0
embed_l10_labert&att_l10_labert_svd400_embed,labert,sentence,0.28317226458593786,0.013677326827864777,0.3052111375098431,0.2300555740484375,0.007371311789389474,0.23695326437510209,0.2961229952309651,0.016568625309836608,0.3294575045978315,0.31428414509052405,0.027419769068442502,0.34754444055676886,concatenated,10.0
embed_l11_labert&att_l11_labert_svd400_embed,labert,sentence,0.3364255774694148,0.023886409509028726,0.3741729007082494,0.2311812484571456,0.0105183337593253,0.2447569896820812,0.2990531826766015,0.014813236234079213,0.31939350030499464,0.3580429358171548,0.022318860924658183,0.3834617320227919,concatenated,11.0
embed_conc_l7_labert&att_conc_l7_labert_svd400_embed,labert,concordance,0.29250332237301563,0.011850091041454945,0.3176911135742947,0.22989680046400948,0.010444538667748568,0.24388343778045546,0.2737452323046597,0.0153660673585746,0.3016933434886833,0.2870712407679362,0.013966559036617648,0.3067048618522232,concatenated,7.0
embed_conc_l8_labert&att_conc_l8_labert_svd400_embed,labert,concordance,0.30472447548474124,0.007564623755129589,0.31457294964737265,0.22543067579128953,0.012774556244051055,0.24391212767858778,0.2697472977238223,0.014913200342380334,0.29338933073474693,0.2949145049161298,0.014002995751309005,0.3258947842831862,concatenated,8.0
embed_conc_l9_labert&att_conc_l9_labert_svd400_embed,labert,concordance,0.2783410803351515,0.0080939574885401,0.29104174640060476,0.2334315270969777,0.011737418562333077,0.24866858057545418,0.27220263366427977,0.013663014583575798,0.2846763274537047,0.27526748716345967,0.015565197289898563,0.3030033226454143,concatenated,9.0
embed_conc_l10_labert&att_conc_l10_labert_svd400_embed,labert,concordance,0.2951296938191118,0.00961171165848391,0.31051555554118815,0.2496928070440895,0.011930650443307314,0.2687002957127582,0.28542096657244487,0.009745409520806936,0.3005412890843639,0.3022585521949425,0.008134771656913346,0.3143386934079069,concatenated,10.0
embed_conc_l11_labert&att_conc_l11_labert_svd400_embed,labert,concordance,0.30506361791448083,0.009157586727202982,0.317941114888598,0.2516331473836321,0.01487025680042106,0.2762751182802757,0.3257723847050259,0.038038074425333544,0.3991244925780949,0.31525986091446573,0.006389807766790982,0.32659389042059717,concatenated,11.0
